id,photo,game_id
1,photos/RDR2-1.png,d790c144-5da2-4ef5-b278-e4840b0349f3
2,photos/RDR2-2.png,d790c144-5da2-4ef5-b278-e4840b0349f3
3,photos/GOWR-1.png,51e253ce-e19a-4e27-95f3-82794841cc15
4,photos/GOWR-2.png,51e253ce-e19a-4e27-95f3-82794841cc15
5,photos/TLOU-1.png,91e8c4f7-3372-4b0e-abe0-e4df2fe51ffc
6,photos/TLOU-2.png,91e8c4f7-3372-4b0e-abe0-e4df2fe51ffc
7,photos/TW3-1.png,621e4265-f73e-4105-978d-252495659c05
8,photos/TW3-2.png,621e4265-f73e-4105-978d-252495659c05
9,photos/TLOUP1-1.png,a34f0d6e-ee24-4e92-a1f1-136d75bb3db7
10,photos/TLOUP1-2.png,a34f0d6e-ee24-4e92-a1f1-136d75bb3db7
11,photos/TLOZTOK-1.png,025ea231-da64-407d-94aa-715e7751ba0a
12,photos/TLOZTOK-2.png,025ea231-da64-407d-94aa-715e7751ba0a
13,photos/GTAV-1.png,50b19c08-b5c0-4f61-bc4f-5ff28fdc9d3c
14,photos/GTAV-2.png,50b19c08-b5c0-4f61-bc4f-5ff28fdc9d3c
15,photos/U4TE-1.png,003c1cb2-2333-4a28-a76c-4b1bbac13eae
16,photos/U4TE-2.png,003c1cb2-2333-4a28-a76c-4b1bbac13eae
17,photos/GOW-1.png,40cb3374-86a6-494e-b13a-9929e3242514
18,photos/GOW-2.png,40cb3374-86a6-494e-b13a-9929e3242514
19,photos/ER-1.png,9437cc3e-e4be-4db9-b7ef-ba99f4573529
20,photos/ER-2.png,9437cc3e-e4be-4db9-b7ef-ba99f4573529
21,photos/RE4-1.png,cc8f6183-89ca-4a0d-b000-9a5df2c6e31d
22,photos/RE4-2.png,cc8f6183-89ca-4a0d-b000-9a5df2c6e31d
506,photos/ACO-1_soiA2Ho.jpg,fb420243-232e-4fe1-acfd-134f8427e515
507,photos/ACO-2_lTuW0u5.jpg,fb420243-232e-4fe1-acfd-134f8427e515
508,photos/ACO-3_PbPi9AW.jpg,fb420243-232e-4fe1-acfd-134f8427e515
509,photos/WROEF-1.jpg,faf77828-592f-4dd2-9b8b-904a912efd46
510,photos/WROEF-2.jpg,faf77828-592f-4dd2-9b8b-904a912efd46
511,photos/WROEF-3.jpg,faf77828-592f-4dd2-9b8b-904a912efd46
512,photos/WROEF-4.jpg,faf77828-592f-4dd2-9b8b-904a912efd46
513,photos/TWAU-1.jpg,f44ed937-a134-4fda-a332-de4378df62b4
514,photos/TWAU-2.jpg,f44ed937-a134-4fda-a332-de4378df62b4
515,photos/TWAU-3.jpg,f44ed937-a134-4fda-a332-de4378df62b4
516,photos/TWAU-4.jpg,f44ed937-a134-4fda-a332-de4378df62b4
542,photos/BAK-1_qA3O2mb.jpg,f25b5cfb-ecf7-4854-8630-cd979ca2a026
543,photos/BAK-2_TbDdZCs.jpg,f25b5cfb-ecf7-4854-8630-cd979ca2a026
544,photos/BAK-3_SnJOSHP.jpg,f25b5cfb-ecf7-4854-8630-cd979ca2a026
545,photos/UTLL-1.jpg,f200447d-95a6-46ff-ab93-ab1ba2158c44
546,photos/UTLL-2.jpg,f200447d-95a6-46ff-ab93-ab1ba2158c44
547,photos/UTLL-3.jpg,f200447d-95a6-46ff-ab93-ab1ba2158c44
548,photos/UTLL-4.jpg,f200447d-95a6-46ff-ab93-ab1ba2158c44
549,photos/LIS-1.jpg,f06d540a-ed32-48e4-9615-261c47e24047
550,photos/LIS-2.jpg,f06d540a-ed32-48e4-9615-261c47e24047
551,photos/LIS-3.jpg,f06d540a-ed32-48e4-9615-261c47e24047
552,photos/LIS-4.jpg,f06d540a-ed32-48e4-9615-261c47e24047
553,photos/TLOUP2-1.jpg,eb02b546-e3a7-4386-b8e9-d1576fcfe641
554,photos/TLOUP2-2.jpg,eb02b546-e3a7-4386-b8e9-d1576fcfe641
555,photos/TLOUP2-3.jpg,eb02b546-e3a7-4386-b8e9-d1576fcfe641
556,photos/TLOUP2-4.jpg,eb02b546-e3a7-4386-b8e9-d1576fcfe641
557,photos/ACO-1_ndwHn0r.jpg,e7ae15b8-6a9e-40f8-aeba-e384dfc5fb37
558,photos/ACO-2_zRKt1Nx.jpg,e7ae15b8-6a9e-40f8-aeba-e384dfc5fb37
559,photos/ACO-3_ulCOV77.jpg,e7ae15b8-6a9e-40f8-aeba-e384dfc5fb37
560,photos/ACO-4.jpg,e7ae15b8-6a9e-40f8-aeba-e384dfc5fb37
561,photos/HZDTF-1.jpg,ddd95d91-9820-4d72-97cd-f5d35bd04557
562,photos/HZDTF-2.jpg,ddd95d91-9820-4d72-97cd-f5d35bd04557
563,photos/HZDTF-3.jpg,ddd95d91-9820-4d72-97cd-f5d35bd04557
564,photos/HZDTF-4.jpg,ddd95d91-9820-4d72-97cd-f5d35bd04557
565,photos/RDR2-3.jpg,d790c144-5da2-4ef5-b278-e4840b0349f3
566,photos/RDR2-4.jpg,d790c144-5da2-4ef5-b278-e4840b0349f3
567,photos/AI-1.jpg,d739700b-a316-46e8-abb6-cac4a204a6d9
568,photos/AI-2.jpg,d739700b-a316-46e8-abb6-cac4a204a6d9
569,photos/AI-3.jpg,d739700b-a316-46e8-abb6-cac4a204a6d9
570,photos/AI-4.jpg,d739700b-a316-46e8-abb6-cac4a204a6d9
571,photos/DE-1.jpg,d41bb98f-6c3c-40d1-8025-9a9e9edef36b
572,photos/DE-2.jpg,d41bb98f-6c3c-40d1-8025-9a9e9edef36b
573,photos/DE-3.jpg,d41bb98f-6c3c-40d1-8025-9a9e9edef36b
574,photos/DE-4.jpg,d41bb98f-6c3c-40d1-8025-9a9e9edef36b
575,photos/DBH-1.jpg,d1c2404d-5bcf-4bff-a3f3-359b3439a8cc
576,photos/DBH-2.jpg,d1c2404d-5bcf-4bff-a3f3-359b3439a8cc
577,photos/DBH-3.jpg,d1c2404d-5bcf-4bff-a3f3-359b3439a8cc
578,photos/DBH-4.jpg,d1c2404d-5bcf-4bff-a3f3-359b3439a8cc
579,photos/DS-1.jpg,d0d7b21f-7aea-4d50-ad35-7f08e2b8c251
580,photos/DS-2.jpg,d0d7b21f-7aea-4d50-ad35-7f08e2b8c251
581,photos/DS-3.jpg,d0d7b21f-7aea-4d50-ad35-7f08e2b8c251
582,photos/DS-4.jpg,d0d7b21f-7aea-4d50-ad35-7f08e2b8c251
583,photos/FF7-1.jpg,cc9db3b4-a973-401d-8a52-e9f92a95229c
584,photos/FF7-2.jpg,cc9db3b4-a973-401d-8a52-e9f92a95229c
585,photos/FF7-3.jpg,cc9db3b4-a973-401d-8a52-e9f92a95229c
586,photos/FF7-4.jpg,cc9db3b4-a973-401d-8a52-e9f92a95229c
587,photos/RE4-1_p13hqgU.png,cc8f6183-89ca-4a0d-b000-9a5df2c6e31d
588,photos/RE4-2_85zGkJY.png,cc8f6183-89ca-4a0d-b000-9a5df2c6e31d
589,photos/ROTR-1.jpg,c7f0e843-feee-4941-8a88-ceafba9862df
590,photos/ROTR-2.jpg,c7f0e843-feee-4941-8a88-ceafba9862df
591,photos/ROTR-3.jpg,c7f0e843-feee-4941-8a88-ceafba9862df
592,photos/ROTR-4.jpg,c7f0e843-feee-4941-8a88-ceafba9862df
593,photos/RE2-1.jpg,c5619b78-06b3-4b02-a26f-a07d1d87711d
594,photos/RE2-2.jpg,c5619b78-06b3-4b02-a26f-a07d1d87711d
595,photos/RE2-3.jpg,c5619b78-06b3-4b02-a26f-a07d1d87711d
596,photos/RE2-4.jpg,c5619b78-06b3-4b02-a26f-a07d1d87711d
597,photos/ITT-1.jpg,c4b4e3af-76bc-4477-8cd6-94bb8901583c
598,photos/ITT-2.jpg,c4b4e3af-76bc-4477-8cd6-94bb8901583c
599,photos/ITT-3.jpg,c4b4e3af-76bc-4477-8cd6-94bb8901583c
600,photos/ITT-4.jpg,c4b4e3af-76bc-4477-8cd6-94bb8901583c
601,photos/HZD-1.jpg,c37a5bd4-0bdd-4b3d-98b4-7fe617dc1123
602,photos/HZD-2.jpg,c37a5bd4-0bdd-4b3d-98b4-7fe617dc1123
603,photos/HZD-3.jpg,c37a5bd4-0bdd-4b3d-98b4-7fe617dc1123
604,photos/HZD-4.jpg,c37a5bd4-0bdd-4b3d-98b4-7fe617dc1123
605,photos/HL-1.jpg,b8e39a1c-8317-40c5-8dce-187ef96305be
606,photos/HL-2.jpg,b8e39a1c-8317-40c5-8dce-187ef96305be
607,photos/HL-3.jpg,b8e39a1c-8317-40c5-8dce-187ef96305be
608,photos/HL-4.jpg,b8e39a1c-8317-40c5-8dce-187ef96305be
609,photos/F4-1.jpg,b291fd6c-4deb-4eec-82f1-614ce496cf30
610,photos/F4-2.jpg,b291fd6c-4deb-4eec-82f1-614ce496cf30
611,photos/F4-3.jpg,b291fd6c-4deb-4eec-82f1-614ce496cf30
612,photos/F4-4.jpg,b291fd6c-4deb-4eec-82f1-614ce496cf30
613,photos/PT-1.jpg,ace9041e-a0fe-47b8-b0cc-8ec09c19e727
614,photos/PT-2.jpg,ace9041e-a0fe-47b8-b0cc-8ec09c19e727
615,photos/PT-3.jpg,ace9041e-a0fe-47b8-b0cc-8ec09c19e727
616,photos/PT-4.jpg,ace9041e-a0fe-47b8-b0cc-8ec09c19e727
617,photos/MGTP-1.jpg,acd39674-564f-483b-9c0f-4def399d75af
618,photos/MGTP-2.jpg,acd39674-564f-483b-9c0f-4def399d75af
619,photos/MGTP-3.jpg,acd39674-564f-483b-9c0f-4def399d75af
620,photos/MGTP-4.jpg,acd39674-564f-483b-9c0f-4def399d75af
621,photos/TLOUP1-1_H7Jg9lO.png,a34f0d6e-ee24-4e92-a1f1-136d75bb3db7
622,photos/TLOUP1-2_Ey6irS8.png,a34f0d6e-ee24-4e92-a1f1-136d75bb3db7
623,photos/TLOUP1-3.jpg,a34f0d6e-ee24-4e92-a1f1-136d75bb3db7
624,photos/TLOUP1-4.jpg,a34f0d6e-ee24-4e92-a1f1-136d75bb3db7
625,photos/TLOZBOTW-1.jpg,948a0390-ccd8-4479-a452-c467dfc29a02
626,photos/TLOZBOTW-2.jpg,948a0390-ccd8-4479-a452-c467dfc29a02
627,photos/TLOZBOTW-3.jpg,948a0390-ccd8-4479-a452-c467dfc29a02
628,photos/TLOZBOTW-4.jpg,948a0390-ccd8-4479-a452-c467dfc29a02
629,photos/ER-3.jpg,9437cc3e-e4be-4db9-b7ef-ba99f4573529
630,photos/ER-4.jpg,9437cc3e-e4be-4db9-b7ef-ba99f4573529
631,photos/RE7B-1.jpg,92ec0f8e-b0b0-4c7b-967c-d13599a5ff21
632,photos/RE7B-2.jpg,92ec0f8e-b0b0-4c7b-967c-d13599a5ff21
633,photos/RE7B-3.jpg,92ec0f8e-b0b0-4c7b-967c-d13599a5ff21
634,photos/RE7B-4.jpg,92ec0f8e-b0b0-4c7b-967c-d13599a5ff21
635,photos/TLOU-3.jpg,91e8c4f7-3372-4b0e-abe0-e4df2fe51ffc
636,photos/TLOU-4.jpg,91e8c4f7-3372-4b0e-abe0-e4df2fe51ffc
637,photos/TLOULB-1.jpg,91645569-825d-4cbd-aae7-ec0be78132ec
638,photos/TLOULB-2.jpg,91645569-825d-4cbd-aae7-ec0be78132ec
639,photos/TLOULB-3.jpg,91645569-825d-4cbd-aae7-ec0be78132ec
640,photos/TLOULB-4.jpg,91645569-825d-4cbd-aae7-ec0be78132ec
641,photos/HFW-1.jpg,85c1ef2d-7953-413a-bb8b-b5c31880a723
642,photos/HFW-2.jpg,85c1ef2d-7953-413a-bb8b-b5c31880a723
643,photos/HFW-3.jpg,85c1ef2d-7953-413a-bb8b-b5c31880a723
644,photos/HFW-4.jpg,85c1ef2d-7953-413a-bb8b-b5c31880a723
645,photos/SM-1.jpg,8525047c-d017-4035-b607-85fb86855b71
646,photos/SM-2.jpg,8525047c-d017-4035-b607-85fb86855b71
647,photos/SM-3.jpg,8525047c-d017-4035-b607-85fb86855b71
648,photos/SM-4.jpg,8525047c-d017-4035-b607-85fb86855b71
649,photos/NA-1.jpg,832dac54-b135-498f-ba88-a3926c266e2b
650,photos/NA-2.jpg,832dac54-b135-498f-ba88-a3926c266e2b
651,photos/NA-3.jpg,832dac54-b135-498f-ba88-a3926c266e2b
652,photos/NA-4.jpg,832dac54-b135-498f-ba88-a3926c266e2b
653,photos/DAI-1.jpg,817e1183-c8b4-430f-a338-a05573d1e45c
654,photos/DAI-2.jpg,817e1183-c8b4-430f-a338-a05573d1e45c
655,photos/DAI-3.jpg,817e1183-c8b4-430f-a338-a05573d1e45c
656,photos/DAI-4.jpg,817e1183-c8b4-430f-a338-a05573d1e45c
657,photos/TWDFS-1.jpg,7d175438-da6b-4f60-8297-b2539ba58b8c
658,photos/TWDFS-3.jpg,7d175438-da6b-4f60-8297-b2539ba58b8c
659,photos/TWDFS-4.jpg,7d175438-da6b-4f60-8297-b2539ba58b8c
660,photos/DE-1_OlLiey5.jpg,79c09813-e258-4fe7-bf33-73516deec59a
661,photos/DE-2_eqQtHxF.jpg,79c09813-e258-4fe7-bf33-73516deec59a
662,photos/DE-3_qTWKC5m.jpg,79c09813-e258-4fe7-bf33-73516deec59a
663,photos/DE-4_A4RrxtI.jpg,79c09813-e258-4fe7-bf33-73516deec59a
664,photos/SWJFO-1.jpg,770014fc-5129-412a-82a9-2a90e89c0600
665,photos/SWJFO-2.jpg,770014fc-5129-412a-82a9-2a90e89c0600
666,photos/SWJFO-3.jpg,770014fc-5129-412a-82a9-2a90e89c0600
667,photos/SWJFO-4.jpg,770014fc-5129-412a-82a9-2a90e89c0600
668,photos/DMC5-1.jpg,69c6a93b-33aa-410a-9f0d-c804ce1a3556
669,photos/DMC5-2.jpg,69c6a93b-33aa-410a-9f0d-c804ce1a3556
670,photos/DMC5-3.jpg,69c6a93b-33aa-410a-9f0d-c804ce1a3556
671,photos/DMC5-4.jpg,69c6a93b-33aa-410a-9f0d-c804ce1a3556
672,photos/D-1.jpg,647834ee-08e5-4a9a-bf97-bdfbe4fc08e4
673,photos/D-2.jpg,647834ee-08e5-4a9a-bf97-bdfbe4fc08e4
674,photos/D-3.jpg,647834ee-08e5-4a9a-bf97-bdfbe4fc08e4
675,photos/D-4.jpg,647834ee-08e5-4a9a-bf97-bdfbe4fc08e4
676,photos/TW3-4.jpg,621e4265-f73e-4105-978d-252495659c05
677,photos/SWJS-1.jpg,5c48b26f-ceda-429d-b3d1-d98d00e5da87
678,photos/SWJS-2.jpg,5c48b26f-ceda-429d-b3d1-d98d00e5da87
679,photos/SWJS-3.jpg,5c48b26f-ceda-429d-b3d1-d98d00e5da87
680,photos/SWJS-4.jpg,5c48b26f-ceda-429d-b3d1-d98d00e5da87
681,photos/GOT-1.jpg,52dcbd17-36f7-4caf-bedf-fc9aacca362c
682,photos/GOT-2.jpg,52dcbd17-36f7-4caf-bedf-fc9aacca362c
683,photos/GOT-3.jpg,52dcbd17-36f7-4caf-bedf-fc9aacca362c
684,photos/GOT-4.jpg,52dcbd17-36f7-4caf-bedf-fc9aacca362c
685,photos/GTAV-3.jpg,50b19c08-b5c0-4f61-bc4f-5ff28fdc9d3c
686,photos/GTAV-4.jpg,50b19c08-b5c0-4f61-bc4f-5ff28fdc9d3c
687,photos/I2-1.jpg,4a650783-6a10-42d3-914f-f0270ba9627b
688,photos/I2-2.jpg,4a650783-6a10-42d3-914f-f0270ba9627b
689,photos/I2-3.jpg,4a650783-6a10-42d3-914f-f0270ba9627b
690,photos/I2-4.jpg,4a650783-6a10-42d3-914f-f0270ba9627b
691,photos/GOW-3.jpg,40cb3374-86a6-494e-b13a-9929e3242514
692,photos/GOW-4.jpg,40cb3374-86a6-494e-b13a-9929e3242514
693,photos/APTR-1.jpg,355a8331-2486-4416-85cc-c14b7f1c3d9c
694,photos/APTR-2.jpg,355a8331-2486-4416-85cc-c14b7f1c3d9c
695,photos/APTR-3.jpg,355a8331-2486-4416-85cc-c14b7f1c3d9c
696,photos/APTR-4.jpg,355a8331-2486-4416-85cc-c14b7f1c3d9c
697,photos/OWOW-1.jpg,3219e880-2b4e-4841-9a5a-be63dace21b7
698,photos/OWOW-2.jpg,3219e880-2b4e-4841-9a5a-be63dace21b7
699,photos/OWOW-3.jpg,3219e880-2b4e-4841-9a5a-be63dace21b7
700,photos/OWOW-4.jpg,3219e880-2b4e-4841-9a5a-be63dace21b7
701,photos/SOC-1.jpg,30cd194a-c54f-4192-8b12-34dc5de87e75
702,photos/SOC-2.jpg,30cd194a-c54f-4192-8b12-34dc5de87e75
703,photos/SOC-3.jpg,30cd194a-c54f-4192-8b12-34dc5de87e75
704,photos/SOC-4.jpg,30cd194a-c54f-4192-8b12-34dc5de87e75
705,photos/DSP-1.jpg,2c8780fc-f953-4e60-a34e-14dd25dd021f
706,photos/DSP-2.jpg,2c8780fc-f953-4e60-a34e-14dd25dd021f
707,photos/DSP-3.jpg,2c8780fc-f953-4e60-a34e-14dd25dd021f
708,photos/DSP-4.jpg,2c8780fc-f953-4e60-a34e-14dd25dd021f
709,photos/HBSS-1.jpg,2c1fd3b3-78cb-4210-9dee-30b7625eeaa5
710,photos/HBSS-2.jpg,2c1fd3b3-78cb-4210-9dee-30b7625eeaa5
711,photos/HBSS-3.jpg,2c1fd3b3-78cb-4210-9dee-30b7625eeaa5
712,photos/HBSS-4_.jpg,2c1fd3b3-78cb-4210-9dee-30b7625eeaa5
713,photos/REV-1.jpg,27e7a99b-a40b-4bc2-98fd-d3134cc453fa
714,photos/REV-2.jpg,27e7a99b-a40b-4bc2-98fd-d3134cc453fa
715,photos/REV-3.jpg,27e7a99b-a40b-4bc2-98fd-d3134cc453fa
716,photos/REV-4.jpg,27e7a99b-a40b-4bc2-98fd-d3134cc453fa
717,photos/OBF-1.jpg,20f8bfb7-b1a3-456f-aa8d-3fe5c3670803
718,photos/OBF-2.jpg,20f8bfb7-b1a3-456f-aa8d-3fe5c3670803
719,photos/OBF-3.jpg,20f8bfb7-b1a3-456f-aa8d-3fe5c3670803
720,photos/OBF-4.jpg,20f8bfb7-b1a3-456f-aa8d-3fe5c3670803
721,photos/TFB-1.jpg,1d1f0c77-4b09-4fce-83b2-df7085400407
722,photos/TFB-2.jpg,1d1f0c77-4b09-4fce-83b2-df7085400407
723,photos/TFB-3.jpg,1d1f0c77-4b09-4fce-83b2-df7085400407
724,photos/TFB-4.jpg,1d1f0c77-4b09-4fce-83b2-df7085400407
725,photos/SSDT-1.jpg,17714fc7-75a6-496a-a107-29cd2c1b47f2
726,photos/SSDT-2.jpg,17714fc7-75a6-496a-a107-29cd2c1b47f2
727,photos/SSDT-3.jpg,17714fc7-75a6-496a-a107-29cd2c1b47f2
728,photos/SSDT-4.jpg,17714fc7-75a6-496a-a107-29cd2c1b47f2
729,photos/UD-1.jpg,13a2a104-9c67-4a00-ae5d-19541dcc0e92
730,photos/UD-2.jpg,13a2a104-9c67-4a00-ae5d-19541dcc0e92
731,photos/UD-3.jpg,13a2a104-9c67-4a00-ae5d-19541dcc0e92
732,photos/UD-4.jpg,13a2a104-9c67-4a00-ae5d-19541dcc0e92
733,photos/DS3-1.jpg,12545cd9-0569-4882-b04e-b8adc223a8fd
734,photos/DS3-2.jpg,12545cd9-0569-4882-b04e-b8adc223a8fd
735,photos/DS3-3.jpg,12545cd9-0569-4882-b04e-b8adc223a8fd
736,photos/DS3-4.jpg,12545cd9-0569-4882-b04e-b8adc223a8fd
737,photos/BI-1.jpg,0b88d590-82ab-40aa-83b1-20e7c4503e59
738,photos/BI-2.jpg,0b88d590-82ab-40aa-83b1-20e7c4503e59
739,photos/BI-3.jpg,0b88d590-82ab-40aa-83b1-20e7c4503e59
740,photos/BI-4.jpg,0b88d590-82ab-40aa-83b1-20e7c4503e59
741,photos/BB-1.jpg,0364fc87-34cd-43f0-8fc6-a0a6a931d5c2
742,photos/BB-2.jpg,0364fc87-34cd-43f0-8fc6-a0a6a931d5c2
743,photos/BB-3.jpg,0364fc87-34cd-43f0-8fc6-a0a6a931d5c2
744,photos/BB-4.jpg,0364fc87-34cd-43f0-8fc6-a0a6a931d5c2
745,photos/TLOZTOK-3.jpg,025ea231-da64-407d-94aa-715e7751ba0a
746,photos/TLOZTOK-4.jpg,025ea231-da64-407d-94aa-715e7751ba0a
747,photos/UTE-3.jpg,003c1cb2-2333-4a28-a76c-4b1bbac13eae
748,photos/UTE-4.jpg,003c1cb2-2333-4a28-a76c-4b1bbac13eae
