id,castphoto,game_id
1,cast/photos/Troy_Baker-1.png,2b9ab4b9-ead2-489e-8282-596600fc4abe
2,cast/photos/Troy_Baker-2.png,2b9ab4b9-ead2-489e-8282-596600fc4abe
3,cast/photos/Kaitlyn_Denver-1.png,ec33104e-635c-41eb-b523-f42620e10ca4
4,cast/photos/Kaitlyn_Denver-2.png,ec33104e-635c-41eb-b523-f42620e10ca4
5,cast/photos/Ashley_Johnson-1.png,54023a1f-2b3e-4719-96ca-11e8f06cdb78
6,cast/photos/Ashley_Johnson-2.png,54023a1f-2b3e-4719-96ca-11e8f06cdb78
7,cast/photos/Christopher_Judge_-_1.png,68c4f035-10be-4527-b745-41b536c85fe3
8,cast/photos/Christopher_Judge_-_2.png,68c4f035-10be-4527-b745-41b536c85fe3
9,cast/photos/Steven_OGG-1.png,7d231779-6782-494c-96fd-ded7fbdd1882
10,cast/photos/Steven_OGG_-_2.png,7d231779-6782-494c-96fd-ded7fbdd1882
11,cast/photos/Ned_Luke-1.png,d73918e0-0ebb-4cec-9bbb-debc2029163a
12,cast/photos/Ned_Luke-2.png,d73918e0-0ebb-4cec-9bbb-debc2029163a
13,cast/photos/Doug_Cockle_-_1.png,4ff5889e-bbbf-4b68-914e-0456bbabb1cc
14,cast/photos/Doug_Cockle_-_2.png,4ff5889e-bbbf-4b68-914e-0456bbabb1cc
15,cast/photos/Dennis_Gough-1.png,d919abb9-8ced-4588-a7c8-c95fb7db2e0f
16,cast/photos/Dennis_Gough-2.png,d919abb9-8ced-4588-a7c8-c95fb7db2e0f
17,cast/photos/Nolan_North_-_1.png,da8bd860-c82b-4931-a426-0f6cf3032652
18,cast/photos/Nolan_North-2.png,da8bd860-c82b-4931-a426-0f6cf3032652
19,cast/photos/Laura_Bailey_-_1.png,d4154455-a670-455a-adaa-5533c77a34bb
20,cast/photos/Laura_Bailey_-_2.png,d4154455-a670-455a-adaa-5533c77a34bb
