id,thumbnail,game_id
1,thumbnail/RDR2.jpg,d790c144-5da2-4ef5-b278-e4840b0349f3
2,thumbnail/ACO.jpg,fb420243-232e-4fe1-acfd-134f8427e515
3,thumbnail/ACO-1.jpg,fb420243-232e-4fe1-acfd-134f8427e515
4,thumbnail/ACO-3.jpg,fb420243-232e-4fe1-acfd-134f8427e515
5,thumbnail/ACO-2.jpg,fb420243-232e-4fe1-acfd-134f8427e515
6,thumbnail/ACO-4.jpg,fb420243-232e-4fe1-acfd-134f8427e515
7,thumbnail/WROEF.jpg,faf77828-592f-4dd2-9b8b-904a912efd46
8,thumbnail/WROEF-1.jpg,faf77828-592f-4dd2-9b8b-904a912efd46
9,thumbnail/WROEF-2.jpg,faf77828-592f-4dd2-9b8b-904a912efd46
10,thumbnail/TWAU.jpg,f44ed937-a134-4fda-a332-de4378df62b4
11,thumbnail/BAK.jpg,f25b5cfb-ecf7-4854-8630-cd979ca2a026
12,thumbnail/BAK-1.jpg,f25b5cfb-ecf7-4854-8630-cd979ca2a026
13,thumbnail/BAK-2.jpg,f25b5cfb-ecf7-4854-8630-cd979ca2a026
14,thumbnail/UTLL.jpg,f200447d-95a6-46ff-ab93-ab1ba2158c44
15,thumbnail/UTLL-1.jpg,f200447d-95a6-46ff-ab93-ab1ba2158c44
16,thumbnail/UTLL-2.jpg,f200447d-95a6-46ff-ab93-ab1ba2158c44
17,thumbnail/UTLL-3.jpg,f200447d-95a6-46ff-ab93-ab1ba2158c44
18,thumbnail/UTLL-4.jpg,f200447d-95a6-46ff-ab93-ab1ba2158c44
19,thumbnail/LIS.jpg,f06d540a-ed32-48e4-9615-261c47e24047
20,thumbnail/LIS-1.jpg,f06d540a-ed32-48e4-9615-261c47e24047
21,thumbnail/LIS-3.jpg,f06d540a-ed32-48e4-9615-261c47e24047
22,thumbnail/LIS-4.jpg,f06d540a-ed32-48e4-9615-261c47e24047
23,thumbnail/TLOUP2.jpg,eb02b546-e3a7-4386-b8e9-d1576fcfe641
24,thumbnail/TLOUP2-1.jpg,eb02b546-e3a7-4386-b8e9-d1576fcfe641
25,thumbnail/TLOUP2-2.jpg,eb02b546-e3a7-4386-b8e9-d1576fcfe641
26,thumbnail/TLOUP2-3.jpg,eb02b546-e3a7-4386-b8e9-d1576fcfe641
27,thumbnail/TLOUP2-4.jpg,eb02b546-e3a7-4386-b8e9-d1576fcfe641
28,thumbnail/ASO.jpg,e7ae15b8-6a9e-40f8-aeba-e384dfc5fb37
29,thumbnail/ACO-1_M608ZJU.jpg,e7ae15b8-6a9e-40f8-aeba-e384dfc5fb37
30,thumbnail/ACO-2_1sSPrMG.jpg,e7ae15b8-6a9e-40f8-aeba-e384dfc5fb37
31,thumbnail/ACO-3_7DraEgV.jpg,e7ae15b8-6a9e-40f8-aeba-e384dfc5fb37
32,thumbnail/ACO-4_RNCpj3C.jpg,e7ae15b8-6a9e-40f8-aeba-e384dfc5fb37
33,thumbnail/HZDTFW.jpg,ddd95d91-9820-4d72-97cd-f5d35bd04557
34,thumbnail/RDR2-1.jpg,d790c144-5da2-4ef5-b278-e4840b0349f3
35,thumbnail/RDR2-2.jpg,d790c144-5da2-4ef5-b278-e4840b0349f3
36,thumbnail/RDR2-3.jpg,d790c144-5da2-4ef5-b278-e4840b0349f3
37,thumbnail/RDR2-4.jpg,d790c144-5da2-4ef5-b278-e4840b0349f3
38,thumbnail/AI.jpg,d739700b-a316-46e8-abb6-cac4a204a6d9
39,thumbnail/AI-1.jpg,d739700b-a316-46e8-abb6-cac4a204a6d9
40,thumbnail/AI-2.jpg,d739700b-a316-46e8-abb6-cac4a204a6d9
41,thumbnail/AI-3.jpg,d739700b-a316-46e8-abb6-cac4a204a6d9
42,thumbnail/AI-4.jpg,d739700b-a316-46e8-abb6-cac4a204a6d9
43,thumbnail/DE.jpg,d41bb98f-6c3c-40d1-8025-9a9e9edef36b
44,thumbnail/DE-1.jpg,d41bb98f-6c3c-40d1-8025-9a9e9edef36b
45,thumbnail/DE-2.jpg,d41bb98f-6c3c-40d1-8025-9a9e9edef36b
46,thumbnail/DE-3.jpg,d41bb98f-6c3c-40d1-8025-9a9e9edef36b
47,thumbnail/DE-4.jpg,d41bb98f-6c3c-40d1-8025-9a9e9edef36b
48,thumbnail/DBH.jpg,d1c2404d-5bcf-4bff-a3f3-359b3439a8cc
49,thumbnail/DBH-1.jpg,d1c2404d-5bcf-4bff-a3f3-359b3439a8cc
50,thumbnail/DBH-2.jpg,d1c2404d-5bcf-4bff-a3f3-359b3439a8cc
51,thumbnail/DBH-3.jpg,d1c2404d-5bcf-4bff-a3f3-359b3439a8cc
52,thumbnail/DBH-4.jpg,d1c2404d-5bcf-4bff-a3f3-359b3439a8cc
53,thumbnail/DS.jpg,d0d7b21f-7aea-4d50-ad35-7f08e2b8c251
54,thumbnail/DS-1.jpg,d0d7b21f-7aea-4d50-ad35-7f08e2b8c251
55,thumbnail/DS-2.jpg,d0d7b21f-7aea-4d50-ad35-7f08e2b8c251
56,thumbnail/DS-3.jpg,d0d7b21f-7aea-4d50-ad35-7f08e2b8c251
57,thumbnail/DS-4.jpg,d0d7b21f-7aea-4d50-ad35-7f08e2b8c251
58,thumbnail/FFVIIR.jpg,cc9db3b4-a973-401d-8a52-e9f92a95229c
59,thumbnail/FF7-1.jpg,cc9db3b4-a973-401d-8a52-e9f92a95229c
60,thumbnail/FF7-2.jpg,cc9db3b4-a973-401d-8a52-e9f92a95229c
61,thumbnail/FF7-3.jpg,cc9db3b4-a973-401d-8a52-e9f92a95229c
62,thumbnail/FF7-4.jpg,cc9db3b4-a973-401d-8a52-e9f92a95229c
63,thumbnail/RE4.jpg,cc8f6183-89ca-4a0d-b000-9a5df2c6e31d
64,thumbnail/RE4-1.jpg,cc8f6183-89ca-4a0d-b000-9a5df2c6e31d
65,thumbnail/RE4-2.jpg,cc8f6183-89ca-4a0d-b000-9a5df2c6e31d
66,thumbnail/ROTTR.jpg,c7f0e843-feee-4941-8a88-ceafba9862df
67,thumbnail/ROTR-1.jpg,c7f0e843-feee-4941-8a88-ceafba9862df
68,thumbnail/ROTR-2.jpg,c7f0e843-feee-4941-8a88-ceafba9862df
69,thumbnail/ROTR-3.jpg,c7f0e843-feee-4941-8a88-ceafba9862df
70,thumbnail/ROTR-4.jpg,c7f0e843-feee-4941-8a88-ceafba9862df
71,thumbnail/RE2.jpg,c5619b78-06b3-4b02-a26f-a07d1d87711d
72,thumbnail/RE2-1.jpg,c5619b78-06b3-4b02-a26f-a07d1d87711d
73,thumbnail/RE2-2.jpg,c5619b78-06b3-4b02-a26f-a07d1d87711d
74,thumbnail/RE2-3.jpg,c5619b78-06b3-4b02-a26f-a07d1d87711d
75,thumbnail/ITT.jpg,c4b4e3af-76bc-4477-8cd6-94bb8901583c
76,thumbnail/HZD.jpg,c37a5bd4-0bdd-4b3d-98b4-7fe617dc1123
77,thumbnail/HZD-1.jpg,c37a5bd4-0bdd-4b3d-98b4-7fe617dc1123
78,thumbnail/HZD-2.jpg,c37a5bd4-0bdd-4b3d-98b4-7fe617dc1123
79,thumbnail/HZD-3.jpg,c37a5bd4-0bdd-4b3d-98b4-7fe617dc1123
80,thumbnail/HZD-4.jpg,c37a5bd4-0bdd-4b3d-98b4-7fe617dc1123
81,thumbnail/HL.jpg,b8e39a1c-8317-40c5-8dce-187ef96305be
82,thumbnail/HL-1.jpg,b8e39a1c-8317-40c5-8dce-187ef96305be
83,thumbnail/HL-2.jpg,b8e39a1c-8317-40c5-8dce-187ef96305be
84,thumbnail/HL-3.jpg,b8e39a1c-8317-40c5-8dce-187ef96305be
85,thumbnail/HL-4.jpg,b8e39a1c-8317-40c5-8dce-187ef96305be
86,thumbnail/F4.jpg,b291fd6c-4deb-4eec-82f1-614ce496cf30
87,thumbnail/F4-1.jpg,b291fd6c-4deb-4eec-82f1-614ce496cf30
88,thumbnail/F4-2.jpg,b291fd6c-4deb-4eec-82f1-614ce496cf30
89,thumbnail/F4-3.jpg,b291fd6c-4deb-4eec-82f1-614ce496cf30
90,thumbnail/F4-4.jpg,b291fd6c-4deb-4eec-82f1-614ce496cf30
91,thumbnail/P.T.jpg,ace9041e-a0fe-47b8-b0cc-8ec09c19e727
92,thumbnail/MGSVTP.jpg,acd39674-564f-483b-9c0f-4def399d75af
93,thumbnail/MGTP-1.jpg,acd39674-564f-483b-9c0f-4def399d75af
94,thumbnail/MGTP-2.jpg,acd39674-564f-483b-9c0f-4def399d75af
95,thumbnail/MGTP-3.jpg,acd39674-564f-483b-9c0f-4def399d75af
96,thumbnail/TLOUP1.jpg,a34f0d6e-ee24-4e92-a1f1-136d75bb3db7
97,thumbnail/TLOZBOTW.jpg,948a0390-ccd8-4479-a452-c467dfc29a02
98,thumbnail/TLOZBOTW-1.jpg,948a0390-ccd8-4479-a452-c467dfc29a02
99,thumbnail/TLOZBOTW-2.jpg,948a0390-ccd8-4479-a452-c467dfc29a02
100,thumbnail/TLOZBOW-3.jpg,948a0390-ccd8-4479-a452-c467dfc29a02
101,thumbnail/TLOZBOW-4.jpg,948a0390-ccd8-4479-a452-c467dfc29a02
102,thumbnail/ER.jpg,9437cc3e-e4be-4db9-b7ef-ba99f4573529
103,thumbnail/ER-1.jpg,9437cc3e-e4be-4db9-b7ef-ba99f4573529
104,thumbnail/ER-2.jpg,9437cc3e-e4be-4db9-b7ef-ba99f4573529
105,thumbnail/ER-3.jpg,9437cc3e-e4be-4db9-b7ef-ba99f4573529
106,thumbnail/ER-4.jpg,9437cc3e-e4be-4db9-b7ef-ba99f4573529
107,thumbnail/REB.jpg,92ec0f8e-b0b0-4c7b-967c-d13599a5ff21
108,thumbnail/RE7B-1.jpg,92ec0f8e-b0b0-4c7b-967c-d13599a5ff21
109,thumbnail/RE7B-2.jpg,92ec0f8e-b0b0-4c7b-967c-d13599a5ff21
110,thumbnail/RE7B-3.jpg,92ec0f8e-b0b0-4c7b-967c-d13599a5ff21
111,thumbnail/RE7B-4.jpg,92ec0f8e-b0b0-4c7b-967c-d13599a5ff21
112,thumbnail/TLOU.jpg,91e8c4f7-3372-4b0e-abe0-e4df2fe51ffc
113,thumbnail/TLOU-1.jpg,91e8c4f7-3372-4b0e-abe0-e4df2fe51ffc
114,thumbnail/TLOU-2.jpg,91e8c4f7-3372-4b0e-abe0-e4df2fe51ffc
115,thumbnail/TLOU-3.jpg,91e8c4f7-3372-4b0e-abe0-e4df2fe51ffc
116,thumbnail/TLOU-4.jpg,91e8c4f7-3372-4b0e-abe0-e4df2fe51ffc
117,thumbnail/TLOULB.jpg,91645569-825d-4cbd-aae7-ec0be78132ec
118,thumbnail/HFW.jpg,85c1ef2d-7953-413a-bb8b-b5c31880a723
119,thumbnail/HFW-1.jpg,85c1ef2d-7953-413a-bb8b-b5c31880a723
120,thumbnail/HFW-2.jpg,85c1ef2d-7953-413a-bb8b-b5c31880a723
121,thumbnail/HFW-3.jpg,85c1ef2d-7953-413a-bb8b-b5c31880a723
122,thumbnail/HFW-4.jpg,85c1ef2d-7953-413a-bb8b-b5c31880a723
123,thumbnail/SM.jpg,8525047c-d017-4035-b607-85fb86855b71
124,thumbnail/SM-1.jpg,8525047c-d017-4035-b607-85fb86855b71
125,thumbnail/SM-2.jpg,8525047c-d017-4035-b607-85fb86855b71
126,thumbnail/SM-3.jpg,8525047c-d017-4035-b607-85fb86855b71
127,thumbnail/SM-4jpg,8525047c-d017-4035-b607-85fb86855b71
128,thumbnail/NA.jpg,832dac54-b135-498f-ba88-a3926c266e2b
129,thumbnail/NA-1.jpg,832dac54-b135-498f-ba88-a3926c266e2b
130,thumbnail/NA-2.jpg,832dac54-b135-498f-ba88-a3926c266e2b
131,thumbnail/NA-3.jpg,832dac54-b135-498f-ba88-a3926c266e2b
132,thumbnail/NA-4.jpg,832dac54-b135-498f-ba88-a3926c266e2b
133,thumbnail/DAI.jpg,817e1183-c8b4-430f-a338-a05573d1e45c
134,thumbnail/DAI-1.jpg,817e1183-c8b4-430f-a338-a05573d1e45c
135,thumbnail/DAI-2.jpg,817e1183-c8b4-430f-a338-a05573d1e45c
136,thumbnail/DAI-3_.jpg,817e1183-c8b4-430f-a338-a05573d1e45c
137,thumbnail/DAI-4.jpg,817e1183-c8b4-430f-a338-a05573d1e45c
138,thumbnail/TWDTFS.jpg,7d175438-da6b-4f60-8297-b2539ba58b8c
139,thumbnail/TWDFS-1.jpg,7d175438-da6b-4f60-8297-b2539ba58b8c
140,thumbnail/TWDFS-2.jpg,7d175438-da6b-4f60-8297-b2539ba58b8c
141,thumbnail/TWDFS-3.jpg,7d175438-da6b-4f60-8297-b2539ba58b8c
142,thumbnail/TWDFS-4.jpg,7d175438-da6b-4f60-8297-b2539ba58b8c
143,thumbnail/DE_v8Sli6Q.jpg,79c09813-e258-4fe7-bf33-73516deec59a
144,thumbnail/DE-1_bUQE9yO.jpg,79c09813-e258-4fe7-bf33-73516deec59a
145,thumbnail/DE-2_pSg5yoz.jpg,79c09813-e258-4fe7-bf33-73516deec59a
146,thumbnail/DE-3_gjDetR6.jpg,79c09813-e258-4fe7-bf33-73516deec59a
147,thumbnail/DE-4_T8gJYPw.jpg,79c09813-e258-4fe7-bf33-73516deec59a
148,thumbnail/SWJFO.jpg,770014fc-5129-412a-82a9-2a90e89c0600
149,thumbnail/SWJFO-1.jpg,770014fc-5129-412a-82a9-2a90e89c0600
150,thumbnail/SWJFO-2.jpg,770014fc-5129-412a-82a9-2a90e89c0600
151,thumbnail/SWJFO-3.jpg,770014fc-5129-412a-82a9-2a90e89c0600
152,thumbnail/SWJFO-4.jpg,770014fc-5129-412a-82a9-2a90e89c0600
153,thumbnail/DMC5.jpg,69c6a93b-33aa-410a-9f0d-c804ce1a3556
154,thumbnail/DMC5-1.jpg,69c6a93b-33aa-410a-9f0d-c804ce1a3556
155,thumbnail/DMC5-2.jpg,69c6a93b-33aa-410a-9f0d-c804ce1a3556
156,thumbnail/DMC5-3.jpg,69c6a93b-33aa-410a-9f0d-c804ce1a3556
157,thumbnail/DMC5-4.jpg,69c6a93b-33aa-410a-9f0d-c804ce1a3556
158,thumbnail/D.jpg,647834ee-08e5-4a9a-bf97-bdfbe4fc08e4
159,thumbnail/D-1.jpg,647834ee-08e5-4a9a-bf97-bdfbe4fc08e4
160,thumbnail/D-2.jpg,647834ee-08e5-4a9a-bf97-bdfbe4fc08e4
161,thumbnail/TW3.jpg,621e4265-f73e-4105-978d-252495659c05
162,thumbnail/TW3-1.jpg,621e4265-f73e-4105-978d-252495659c05
163,thumbnail/TW3-2.jpg,621e4265-f73e-4105-978d-252495659c05
164,thumbnail/TW3-4.jpg,621e4265-f73e-4105-978d-252495659c05
165,thumbnail/GOT.jpg,52dcbd17-36f7-4caf-bedf-fc9aacca362c
166,thumbnail/GOT-1.jpg,52dcbd17-36f7-4caf-bedf-fc9aacca362c
167,thumbnail/GOT-2.jpg,52dcbd17-36f7-4caf-bedf-fc9aacca362c
168,thumbnail/GOT-3.jpg,52dcbd17-36f7-4caf-bedf-fc9aacca362c
169,thumbnail/GOT-4.jpg,52dcbd17-36f7-4caf-bedf-fc9aacca362c
170,thumbnail/GOWR.jpg,51e253ce-e19a-4e27-95f3-82794841cc15
171,thumbnail/GOWR-1.jpg,51e253ce-e19a-4e27-95f3-82794841cc15
172,thumbnail/GOWR-2.jpg,51e253ce-e19a-4e27-95f3-82794841cc15
173,thumbnail/GOWR-3.jpg,51e253ce-e19a-4e27-95f3-82794841cc15
174,thumbnail/GOWR-4.jpg,51e253ce-e19a-4e27-95f3-82794841cc15
175,thumbnail/GTAV.jpg,50b19c08-b5c0-4f61-bc4f-5ff28fdc9d3c
176,thumbnail/GTAV-1.jpg,50b19c08-b5c0-4f61-bc4f-5ff28fdc9d3c
177,thumbnail/GTAV-2.jpg,50b19c08-b5c0-4f61-bc4f-5ff28fdc9d3c
178,thumbnail/GTAV-3.jpg,50b19c08-b5c0-4f61-bc4f-5ff28fdc9d3c
179,thumbnail/GTAV-4.jpg,50b19c08-b5c0-4f61-bc4f-5ff28fdc9d3c
180,thumbnail/I2.jpg,4a650783-6a10-42d3-914f-f0270ba9627b
181,thumbnail/I2-2.jpg,4a650783-6a10-42d3-914f-f0270ba9627b
182,thumbnail/I2-3.jpg,4a650783-6a10-42d3-914f-f0270ba9627b
183,thumbnail/I2-4.jpg,4a650783-6a10-42d3-914f-f0270ba9627b
184,thumbnail/I2-1.jpg,4a650783-6a10-42d3-914f-f0270ba9627b
185,thumbnail/GOW.jpg,40cb3374-86a6-494e-b13a-9929e3242514
186,thumbnail/GOW-1.jpg,40cb3374-86a6-494e-b13a-9929e3242514
187,thumbnail/GOW-2.jpg,40cb3374-86a6-494e-b13a-9929e3242514
188,thumbnail/GOW-3.jpg,40cb3374-86a6-494e-b13a-9929e3242514
189,thumbnail/GOW-4.jpg,40cb3374-86a6-494e-b13a-9929e3242514
190,thumbnail/APTR.jpg,355a8331-2486-4416-85cc-c14b7f1c3d9c
191,thumbnail/OATWOTW.jpg,3219e880-2b4e-4841-9a5a-be63dace21b7
192,thumbnail/OWOW-1.jpg,3219e880-2b4e-4841-9a5a-be63dace21b7
193,thumbnail/OWOW-2.jpg,3219e880-2b4e-4841-9a5a-be63dace21b7
194,thumbnail/OWOW-3.jpg,3219e880-2b4e-4841-9a5a-be63dace21b7
195,thumbnail/OWOW-4.jpg,3219e880-2b4e-4841-9a5a-be63dace21b7
196,thumbnail/SOTC.jpg,30cd194a-c54f-4192-8b12-34dc5de87e75
197,thumbnail/DSP.jpg,2c8780fc-f953-4e60-a34e-14dd25dd021f
198,thumbnail/HBSS_.jpg,2c1fd3b3-78cb-4210-9dee-30b7625eeaa5
199,thumbnail/HBSS-1.jpg,2c1fd3b3-78cb-4210-9dee-30b7625eeaa5
200,thumbnail/HBSS-2.jpg,2c1fd3b3-78cb-4210-9dee-30b7625eeaa5
201,thumbnail/HBSS-3.jpg,2c1fd3b3-78cb-4210-9dee-30b7625eeaa5
202,thumbnail/HBSS-4.jpg,2c1fd3b3-78cb-4210-9dee-30b7625eeaa5
203,thumbnail/REV.jpg,27e7a99b-a40b-4bc2-98fd-d3134cc453fa
204,thumbnail/REV-1.jpg,27e7a99b-a40b-4bc2-98fd-d3134cc453fa
205,thumbnail/REV-2.jpg,27e7a99b-a40b-4bc2-98fd-d3134cc453fa
206,thumbnail/REV-3.jpg,27e7a99b-a40b-4bc2-98fd-d3134cc453fa
207,thumbnail/REV-4.jpg,27e7a99b-a40b-4bc2-98fd-d3134cc453fa
208,thumbnail/OATBF.jpg,20f8bfb7-b1a3-456f-aa8d-3fe5c3670803
209,thumbnail/OBF-1.jpg,20f8bfb7-b1a3-456f-aa8d-3fe5c3670803
210,thumbnail/OBF-2.jpg,20f8bfb7-b1a3-456f-aa8d-3fe5c3670803
211,thumbnail/OBF-3.jpg,20f8bfb7-b1a3-456f-aa8d-3fe5c3670803
212,thumbnail/TFTB.jpg,1d1f0c77-4b09-4fce-83b2-df7085400407
213,thumbnail/TFB-1.jpg,1d1f0c77-4b09-4fce-83b2-df7085400407
214,thumbnail/TFB-2.jpg,1d1f0c77-4b09-4fce-83b2-df7085400407
215,thumbnail/TFB-3.jpg,1d1f0c77-4b09-4fce-83b2-df7085400407
216,thumbnail/TFB-4.jpg,1d1f0c77-4b09-4fce-83b2-df7085400407
217,thumbnail/SSDT.jpg,17714fc7-75a6-496a-a107-29cd2c1b47f2
218,thumbnail/SSDT-1.jpg,17714fc7-75a6-496a-a107-29cd2c1b47f2
219,thumbnail/SSDT-2.jpg,17714fc7-75a6-496a-a107-29cd2c1b47f2
220,thumbnail/SSDT-3.jpg,17714fc7-75a6-496a-a107-29cd2c1b47f2
221,thumbnail/SSDT-4.jpg,17714fc7-75a6-496a-a107-29cd2c1b47f2
222,thumbnail/UD.jpg,13a2a104-9c67-4a00-ae5d-19541dcc0e92
223,thumbnail/UD-1.jpg,13a2a104-9c67-4a00-ae5d-19541dcc0e92
224,thumbnail/UD-2.jpg,13a2a104-9c67-4a00-ae5d-19541dcc0e92
225,thumbnail/UD-3.jpg,13a2a104-9c67-4a00-ae5d-19541dcc0e92
226,thumbnail/DS3.jpg,12545cd9-0569-4882-b04e-b8adc223a8fd
227,thumbnail/DS3-1.jpg,12545cd9-0569-4882-b04e-b8adc223a8fd
228,thumbnail/DS3-2.jpg,12545cd9-0569-4882-b04e-b8adc223a8fd
229,thumbnail/DS3-3.jpg,12545cd9-0569-4882-b04e-b8adc223a8fd
230,thumbnail/DS3-4.jpg,12545cd9-0569-4882-b04e-b8adc223a8fd
231,thumbnail/BI.jpg,0b88d590-82ab-40aa-83b1-20e7c4503e59
232,thumbnail/BI-1.jpg,0b88d590-82ab-40aa-83b1-20e7c4503e59
233,thumbnail/BI-2.jpg,0b88d590-82ab-40aa-83b1-20e7c4503e59
234,thumbnail/BI-3.jpg,0b88d590-82ab-40aa-83b1-20e7c4503e59
235,thumbnail/BI-4.jpg,0b88d590-82ab-40aa-83b1-20e7c4503e59
236,thumbnail/BB.jpg,0364fc87-34cd-43f0-8fc6-a0a6a931d5c2
237,thumbnail/BB-1.jpg,0364fc87-34cd-43f0-8fc6-a0a6a931d5c2
238,thumbnail/BB2.jpg,0364fc87-34cd-43f0-8fc6-a0a6a931d5c2
239,thumbnail/BB-3.jpg,0364fc87-34cd-43f0-8fc6-a0a6a931d5c2
240,thumbnail/BB-4.jpg,0364fc87-34cd-43f0-8fc6-a0a6a931d5c2
241,thumbnail/TLOZTOK.jpg,025ea231-da64-407d-94aa-715e7751ba0a
242,thumbnail/TLOZTOK-1.jpg,025ea231-da64-407d-94aa-715e7751ba0a
243,thumbnail/U4TE.jpg,003c1cb2-2333-4a28-a76c-4b1bbac13eae
244,thumbnail/UTE-1.jpg,003c1cb2-2333-4a28-a76c-4b1bbac13eae
245,thumbnail/UTE-2.jpg,003c1cb2-2333-4a28-a76c-4b1bbac13eae
246,thumbnail/UTE-3.jpg,003c1cb2-2333-4a28-a76c-4b1bbac13eae
247,thumbnail/UTE-4.jpg,003c1cb2-2333-4a28-a76c-4b1bbac13eae
